id,b,c,v,t
1001001,1,1,1,ON angynne gesceop God heofonan & eorðan.
1001002,1,1,2,"Se eorðe soðlice wæs idel & æmti, & þeostra wæron oferðære nywelnysse bradnysse; & Godes gast wæsgeferod ofer wæteru."
1001003,1,1,3,"God cwæð ða: Gewurðe leoht, & leoht wæarð geworht."
1001004,1,1,4,"God geseah ða ðæt hit god wæs, & he todældeto dældontodældonleoht fram ðam ðystrum."
1001005,1,1,5,& het ðæt leoht dæg & þa ðystru niht: ða wæs gewordenæfen & merigen an dæg.
1001006,1,1,6,God cwæð ða eft: Gewurðe nu fæstnys tomiddes ðamwæterum & totwæme ða wæteru fram ðam wæterum.
1001007,1,1,7,"& God geworhte ða fæstnysse, & totwæmde ða wæteru, ðawæron under ðære fæstnysse, fram ðam ðe wæronbufan ðære fæstnysse: hit wæs ða swa gedon."
1001008,1,1,8,"& God het ða fæstnysse heofonan, & wæs ða geworden æfen& mergen oðer dæg."
1001009,1,1,9,God ða soðlice cwæð: Beon gegaderode ða wæteru ðe syndunder ðære heofonan & æteowige drignys; Hitwæs ða swa gedon.
1001010,1,1,10,& God gecygde ða drignysse eorðan & ðæra wæteragegaderunga he het sæ. God geseah ða ðæt hit godwæs.
1001011,1,1,11,"& he cwæð: Sprytte seo eorðe growende gærs & sædwyrcende & æppelbære treow wæstm wyrcende æfterhis cynne, ðæs sæd sy on him syluum ofer eorðan; Hit wæsða swa gedon."
1001012,1,1,12,& seo eorðe forðteah growende wyrta & sæd berende be hyrecynne & treow wæstm wyrcende & gehwilcsæd hæbbende æfter his hiwe; God geseah ða ðæt hit godwæs.
1001013,1,1,13,& wæs geworden æfen & mergen se ðridda dæg.
1001014,1,1,14,"God cwæð ða soðlice: Beo nu leoht on ðære heofenanfæstnysse, & todælan dæg & nihte, & beon to tacnum& to tidum & to dagum & to gearum."
1001015,1,1,15,& hi scinon on ðære heofenan fæstnysse & alihton ðaeorðan; Hit wæs ða swa geworden.
1001016,1,1,16,"& God geworhte twa micele leoht, þæt mare leoht to ðæsdæges lihtinge, & ðæt læsse leoht to ðærenihte lihtinge, & steorran he geworhte."
1001017,1,1,17,"& gesette hi on ðære heofenan, ðæt hi scinon ofereorðan."
1001018,1,1,18,& gymdon ðæs dæges & ðære nihte &todældonleoht &ðystro; God geseah ða þæt hit god wæs.
1001019,1,1,19,& wæs geworden æfen & mergen se feorða dæg.
1001020,1,1,20,God cwæð eac swylce: Teon nu ða wæteru forð swymmendecynn cucu on life & fleogende cynn ofereorðan under þære heofonan fæstnysse.
1001021,1,1,21,"& God gesceop ða ða miclan hwalas & eal lybbende fisccyn &styrigendlice, ðe ða wæteru tugon forðon heora hiwum, & eall fleogende cyn æfter heora cynne; Godgeseah ða ðæt hit god wæs."
1001022,1,1,22,"& bletsode hi, ðus cweðende: Weaxað & beoð gemænifylde,& gefyllað ðære sæ wæteru, & ða fugelasbeon gemænifylde ofer eorðan."
1001023,1,1,23,& ða wæs geworden æfen & merigen se fifta dæg.
1001024,1,1,24,God cwæð eac swilce: Læde seo eorðe forð cuce nytena onheora cynne & creopende cyn & deor æfterheora hiwum; Hit wæs ða swa gedon.
1001025,1,1,25,& God ða geworhte ðære eorðan deor æfter heora hiwum &ða nytenu & eall creopende cynn on heoracynne; God geseah ða ðæt hit god wæs.
1001026,1,1,26,"& cwæð: Vton wyrcan man to anlicnysse & to ure gelicnysse,& he sy ofer ða fixas & ofer ðafugelas & ofer ða deor & ofer ealle gesceafta & ofer eallecreopende, ðe styriað on eorðan."
1001027,1,1,27,"God gesceop ða man to his anlicnysse, to Godes anlicnyssehe gesceop hine; werhades & wifhades hegesceop hi."
1001028,1,1,28,"& God hi bletsode, & cwæð: Weaxað & beoð gemenifylde &gefyllað ða eorðan & gewyldað hi, & habbaðon eowrum gewealde ðære sæ fixas & ðære lyfte fugelas &ealle nytenu, ðe styriað ofer eorðan."
1001029,1,1,29,"God cwæð ða: Efne ic forgyfe eow eall gærs & wyrta sædberende ofer eorðan & ealle treowa, ða ðehabbað sæd on him sylfum heora agenes cynnes, ðæt hi beoneow to mete."
1001030,1,1,30,"& eallum nytenum & eallum fugelcynne & eallum ðam ðestyriað on eorðan, on ðam ðe is libbendelif, ðæt hi habbon him to gereordigenne; Hit wæs ða swagedon."
1001031,1,1,31,& God geseah ealle ða ðingc ðe he geworhte & hi wæronswyðe gode; Wæs ða geworden æfen & meriense sixta dæg.
1002001,1,2,1,EORNOSTLICE ða wæron fulfremode heofonas & eorðe & eallheora frætewung.
1002002,1,2,2,& God ða gefylde on ðone seofoðan dæg his weorc ðe heworhte. & he gereste hine on ðone seofoðan dæg fram eallumðam weorcum ðe he gefremode.
1002003,1,2,3,"& God gebletsode ðone seofoðan dæg & hine gehalgode, forðan ðe he on ðone dæg geswac hisweorces, ðe he gesceop to wyrcenne."
1002004,1,2,4,"ðas synd ðæra heofenan & ðæra eorðan cneornysse, ðaða hi gesceapene wæron on ðam dæge ðe Godgeworhte heofonan & eorðan."
1002005,1,2,5,"& ælcne telgor on eorðan, ær ðan ðe he up asprunge oneorðan, & eall gærs & wyrta ealles eardes,ær ðan ðe hi up asprytton; God soðlice ne sende nænneren ofer eorðan ða gyt: & mann næs, ðe ðaeorðan worhte."
1002006,1,2,6,Ac an wyl asprang of ðære eorðan wæterigende ealle ðæreeorðan bradnysse.
1002007,1,2,7,"God gesceop eornostlice man of ðære eorðan lame, & onableow on his ansyne lifes orðunge, & seman wæs geworht on libbendre sawle."
1002008,1,2,8,"God ða aplantode wynsumne orcerd fram frymðe, on ðam hegelogode þone man ðe he geworhte."
1002009,1,2,9,"God ða forð ateah of ðære moldan ælces cynnes treow,fæger on gesyhðe & to brucenne wynsum, eacswylce lifes treow on middan neorxnawange and treow ingehydesgodes & yfeles."
1002010,1,2,10,& ðæt flod eode of stowe to stowe ðære wynsumnysse towæterigenne neorxnawang; ðæt flod is ðanontodæled on feower ean.
1002011,1,2,11,"An ea of ðam hatte Fison; seo gæð onbutan ðæt land ðeis gehaten Euilað, ðær ðær gold wyxð."
1002012,1,2,12,& ðæs landes gold is golda selost; ðær beoð eac gemetteða gimstanas dellium & honynchinus.
1002013,1,2,13,ðære oðre ea nama is Gion; seo is eac gehaten Nilus: seoymbgæð eall ðæra Silhearwena land.
1002014,1,2,14,þære ðriddan ea nama is Tygris; seo gæð ongean ðaAssyriscan; Seo feorðe ea is gehaten Eufrates.
1002015,1,2,15,"God genam ða ðone man & gelogode hine on neorxnawange,ðæt he ðær wyrcean sceolde &to dældontodældonbegyman."
1002016,1,2,16,"& bebead him, ðus cweðende: Of ælcum treowe ðisesorcerdes ðu most etan."
1002017,1,2,17,"Soðlice of ðam treowe ingehydes godes & yfeles ne et ðu;on swa hwylcum dæge swa ðu etst of ðamtreowe, ðu scealt deaðe sweltan."
1002018,1,2,18,God cwæð eac swylce: Nis na god ðisum men ana towunigenne; uton wyrcean him sumne fultum to hisgelicnysse.
1002019,1,2,19,"God soðlice gelædde ða nytenu, ðe he of eorðan gesceop,& ðære lyfte fugelas to Adame, ðæt heforesceawode hu he hi gecygde; Soðlice ælc libbende nyten,swa swa Adam hit gecygde, swa is his nama."
1002020,1,2,20,"& Adam ða genamode ealle nytenu heora naman, & ealle fugelas& ealle wildeor; Adam soðlice negemette ða gyt nanne fultume his gelican."
1002021,1,2,21,"ða sende God slæp on Adam, & ða ða he slep, ða genam hean rib of his sidan, & gefylde mid flæsceðær ðæt rib wæs."
1002022,1,2,22,"& geworhte ðæt rib, ðe he genam of Adame, to anum wifmen& gelædde hi to Adame."
1002023,1,2,23,"Adam ða cwæð: ðis is nu ban of minum banum & flæsc ofminum flæsce; beo heo geciged fæmne, forðan ðe heo is of hyre were genumen."
1002024,1,2,24,"For ðan forlæt se man fæder & modor, & geðeot hine to hiswife, & hi beoð buta on anum flæsce."
1002025,1,2,25,"Hi wæron ða buta, Adam & his wif, nacode & him ðæs nesceamode."
1003001,1,3,1,EAC swylce seo næddre wæs geapre ðonne ealle ða oðrenytenu ðe God geworhte ofer eorðan; & seonæddre cwæð to ðam wife: Hwi forbead God eow ðæt ge neæton of ælcon treowe binnan Paradisum?
1003002,1,3,2,þæt wif andwyrde: Of ðæra treowa wæstme ðe synd onParadisum we etað.
1003003,1,3,3,"& of ðæs treowes wæstme þe is on middan neorxnawange,God bebead us, ðæt we ne æton, ne we ðættreow neto dældontodældonði læs ðe we swelton."
1003004,1,3,4,"ða cwæð seo nædre eft to ðam wife: Ne beo ge nateshwondeade, ðeah ðe ge of ðam treowe eton."
1003005,1,3,5,"Ac God wat soðlice ðæt eowre eagan beoð geopenode on swahwylcum dæge swa ge etað of ðam treowe,& ge beoð ðonne englum gelice, witende ægðer ge god geyfel."
1003006,1,3,6,"ða geseah ðæt wif ðæt ðæt treow wæs god to etenne, beðam ðe hyre ðuhte, & wlitig on eagum &lustbære on gesyhðe, & genam ða of ðæs treowes wæstme &geæt & sealde hyre were: he æt ða."
1003007,1,3,7,"& heora begra eagan wurdon geopenode; hi oncneowon ða ðæthi nacode wæron, & sywodon him ficleaf,& worhton him wædbrec."
1003008,1,3,8,"Eft ða ða God com, & hi gehyrdon his stemne ðær he eodeon neorxnawange ofer midne dæg, ðabehydde Adam hine, & his wif eac swa dyde, fram Godesgesihðe on middan ðam treowe neorxnanwonges."
1003009,1,3,9,"God clypode ða Adam, & cwæð: Adam, hwær eart ðu."
1003010,1,3,10,"He cwæð: ðine stemne ic gehire, leof, on neorxnawange, &ic ondræde me, for ðam ðe ic eom nacod,& ic behyde me."
1003011,1,3,11,"God cwæð: Hwa sæde ðe ðæt ðu nacod wære, gyf ðu neæte of ðam treowe ðe ic ðe bebead ðæt ðu neæte."
1003012,1,3,12,"Adam cwæð: ðæt wif ðe ðu me forgeafe to geferan, sealdeme of ðam treowe, & ic ætt."
1003013,1,3,13,God cwæð to ðam wife: Hwi dydestu ðæt; heo cwæð: Seonædre bepæhte me & ic ætt.
1003014,1,3,14,"God cwæð to ðære næddran: For ðan ðe ðu ðis dydest,ðu bist awyrged betweox eallum nytenum &wildeorum: ðu gæst on ðinum breoste & etst ða eorðaneallum dagum ðines lifes."
1003015,1,3,15,Ic sette feondrædene betwux ðe & ðam wife & ðinumofspringe & hire ofspringe; heo tobrytt ðinheafod & ðu syrwst ongean hire ho.
1003016,1,3,16,"To ðam wife cwæð God eac swylce: Ic gemænifylde ðineyrmða & ðine geeacnunga; on sarnysse ðuacenst cild, & ðu bist under weres anwealde & he gewylt ðe."
1003017,1,3,17,"To Adame he cwæð: For ðan ðe ðu gehyrdes ðines wifesstemne, & ðu æte of ðam treowe ðe ic ðebebead ðæt ðu ne æte, is seo eorðe awyrged on ðinumweorce: on geswyncum ðu etst of ðære eorðaneallum dagum ðines lifes."
1003018,1,3,18,"ðornas & bremelas heo aspryt ðe, & ðu ytst ðære eorðanwyrta."
1003019,1,3,19,"On swate ðines andwlitan ðu brycst ðines hlafes, oð ðætðu gewende to eorðan of ðære ðe ðugenumen wære, for ðan ðe ðu eart dust & to duste gewyrst."
1003020,1,3,20,"ða gesceop Adam naman his wife, Eua, ðæt is lif, for ðanðe heo is ealra libbendra modor."
1003021,1,3,21,God worhte eac Adame & his wife fellene reaf & gescrydde hi.
1003022,1,3,22,"& cwæð: Nu Adam can yfel & god, swa swa ure sum, ðe læshe astrecce his hand & nime eac swylce oflifes treowe & ete & libbe on ecnysse."
1003023,1,3,23,"Adræfde hine ða of neorxnawange, ðæt he ða eorðanworhte & him ðæron tilode, of ðære ðe hegenumen wæs."
1006001,1,6,1,MEN wurdon ða gemenigfylde ofer eorðan & dohtra gestryndon.
1006002,1,6,2,"ða gesawon Godes bearn, ðæt wæron gode men, manna dohtraðæt hi wæron wlitige, & namon him wif ofeallum ðam ðe hi gecuron."
1006003,1,6,3,"& God cwæð ða: Ne ðurhwunað na min gast on men onecnysse, for ðan ðe he is flæsc."
1006004,1,6,4,"Entas wæron eac swylce ofer eorðan on ðam dagum, æfterðan ðe Godes bearn tymdon wið manna dohtra& hi cendon: ða synd mihtige fram worulde & hlisfulleweras."
1006005,1,6,5,"ða geseah God ðæt micel yfelnys manna wæs ofer eorðan, &eal geðanc manna heortena wæs awend onyfel on eallum timan."
1006006,1,6,6,Gode ofðuhte ða ðæt he mann geworhte ofer eorðan: hewolde ða warnian on ær & wæs gehrepod midheortan sarnysse wiðinnan.
1006007,1,6,7,"& cwæð: Ic adylgie ðone man, ðe ic gesceop, fram ðæreeorðan ansyne, fram ðam men oð ða nytenu,fram ðam slincendum oð ða fugelas: me ofðingð soðliceðæt ic hi worhte."
1006008,1,6,8,"Noe soðlice wæs Gode gecweme, & gyfe ætforan him gemette."
1006009,1,6,9,ðas synd Noes cneornyssa: Noe wæs rihtwis wer & fulfremedon his mægðum; mid Gode he ferde.
1006010,1,6,10,& gestrynde ðry suna Sem & Cham & Iaphet.
1006011,1,6,11,ða wæs eall seo eorðe gewemmed ætforan Gode & afylledmid unrihtwisnysse.
1006012,1,6,12,"ða geseah God ðæt seo eorðe wæs gewemmed, for ðan ðeælc flæsc gewemde his weg ofer eorðan."
1006013,1,6,13,"& God cwæð ða to Noe: Geendung ealles flæsces comætforan me; seo eorðe is afylled midunrihtwisnysse fram heora ansyne, & ic fordo hi mid ðæreeorðan samod."
1006014,1,6,14,Wyrc ðe nu ane arc of aheawenum bordum & ðu wyrcst wunungabinnan ðam arce & clæmst wiðinnan &wiðutan mid tyrwan.
1006015,1,6,15,"& ðu wyrcst hine ðus: ðreohund fæðma bið se arc onlenge, & fiftig fæðma on bræde, & ðritig onheahnysse."
1006016,1,6,16,"ðu wyrcst ðæron egðyrl & ðu tihst his heahnyssetogædere on ufeweardum to anre fæðme; duru ðusetst be ðære sidan wiðneoðan, & ðu macast ðreo fleringabinnan ðam arce."
1006017,1,6,17,"Efne ic gebringe flodes wæteru ofer eorðan, ðæt ic ofsleaeall flæsc on ðam ðe is lifes gast underheofonum: ealle ða ðing ðe on eorðan synd beoðfornumene."
1006018,1,6,18,"Ic sette min wedd to ðe, & ðu gæst in to ðam arce, &ðine suna, & ðin wif & ðinra suna wif midðe."
1006019,1,6,19,"& of eallum nytenum ealles flæsces twegen gemacan ðu lætstin to ðam arce mid ðe, ðæt hi libbanmagon."
1006020,1,6,20,"Eac of fugelum be heora cynne, & of eallum orfcynne, & ofeallum creopendum cynne twam & twamfaran in mid ðe, ðæt hi magon libban."
1006021,1,6,21,"ðu nimst witodlice of eallum mettum, ðe to mete magon, into ðe, ðæt hi beon ægðer ge ðe ge himto bigleofan."
1006022,1,6,22,"Noe soðlice dyde ealle ða ðing, ðe him God bebead."
1007001,1,7,1,"AND God cwæð to him: Gang in to ðam arce & eal ðinhiwræden, ðe ic geseah soðlice rihtwisneætforan me on þisre mægðe."
1007002,1,7,2,Nim in to ðe of eallum clænum nytenum seofan & seofanægðres gecyndes & of unclænum twam & twam.
1007003,1,7,3,"& of fugelcynne seofan & seofan ægðres gecyndes, & sæd sigehealden ofer ealre eorðan bradnysse."
1007004,1,7,4,"Ic soðlice sende ren nu embe seofan niht ofer eorðanfeowertig daga & feowertig nihta togædere &ic adylegie ealle ða edwiste, ðe ic worhte ofer eorðanbradnysse."
1007005,1,7,5,Noe ða dyde ealle ða ðingc ðe him God bebead.
1007006,1,7,6,"& he wæs ða sixhund geara on ylde, ða ða ðæs flodeswæteru yðedon ofer eorðan."
1007007,1,7,7,"Hwæt ða Noe eode in to ðam arce, & his ðry suna & hiswif & histo dældontodældonwif, for ðæs flodeswæterum."
1007008,1,7,8,Eac swylce ða nytenu of eallum cynne & eallum fugolcynne.
1007009,1,7,9,"comon to Noe in to ðam arce, swa swa God bebead."
1007010,1,7,10,"þa on ðam eahtoðan dæge, ða ða hi inne wæron & God hibelocen hæfde wiðutan, ða yðode ðæt flodofer eorðan."
1007011,1,7,11,"On ðam oðrum monðe, on ðone seofonteoðan dæg ðæsmonðes, ða asprungon ealle wyllspringas ðæremiclan nywelnysse & þære heofenan wæterðeotan wærongeopenode."
1007012,1,7,12,& hit rinde ða ofer eorðan feowertig daga & feowertig nihtaon an.
1007017,1,7,17,Wæs ða geworden micel flod & ða wæteru wæron gemenifylde&to dældontodældonup ðone arc.
1007018,1,7,18,& yðodon swyðe & gefyldon ðære eorðan bradnysse:witodlice se arc wæs geferod ofer ða wæteru.
1007019,1,7,19,& ðæt wæter swyðrode swylce ofer eorðan; wurdon ðabehelede ealle ða heahstan duna under ealreheofenan.
1007020,1,7,20,& ðæt wæter wæs fyftyne fæðma deop ofer ða heahstanduna.
1007021,1,7,21,"Wearð ða fornumen eal flæsc ðe ofer eorðan styrode,manna & fugela, nytena & creopendra."
1007022,1,7,22,& ælc ðingc ðe lif hæfde wearð adyd on ðam deopanflode.
1007023,1,7,23,Buton ðam anum ðe binnan ðam arce wæron.
1007024,1,7,24,ðæt flodto dældontodældonða swa anhund daga & fiftig daga.
1008001,1,8,1,"& GOD ða gemunde Noes fare & ðæra nytena ðe him midwæron, & asende wind ofer eorðan, & ða wæteruwurdon gewanode."
1008002,1,8,2,"& ðato dældontodældonðære miclan nywelnysse wurdonfordytte & ðære heofonan wæterðeotan, & se renwearð forboden."
1008003,1,8,3,ða wæteru ða gecyrdon of ðære eorðan ongean farende &begunnon to wanigenne æfter oðer healfhunddaga.
1008004,1,8,4,ða ætstod se arc on ðam seofoðan monðe ofer ða muntasArmenisces landes.
1008005,1,8,5,"& ða wæteru toeodan & wanodon of ðone teoðan monð, & onðam teoðan monðe æteowedon ðæra muntacnollas."
1008006,1,8,6,"ða æfter feowertigum dagum undyde Noe his eahðyrl, ðe heon ðam arce gemacode."
1008007,1,8,7,"& asende ut ænne hremn: se hrem fleah ða ut & nolde eftongean cyrran, ær ðan ðe ða wæteruadruwodon ofer eorðan."
1008008,1,8,8,"He asende ða eft ut ane culfran, ðæt heo sceawode gyf ðawætera ðagyt geswicon ofer ðære eorðanbradnysse."
1008009,1,8,9,"Heo ða fleah ut & ne mihte findan hwær heo hire fot asette,for ðan ðe ða wætera wæron ofer ealleeorðan; & heo gecyrde ongean to Noe, & he genam hi in toðam arce."
1008010,1,8,10,He abad ða gyt oðre seofan dagas & asende ut eft culfran.
1008011,1,8,11,"Heo com ða on æfnunge eft to Noe, & brohte an twig of anumelebeame mid grenum leafum on hyremuðe.ða undergeat Noe ðæt ða wætera wæron adruwode ofereorðan."
1008012,1,8,12,& abad swa ðeah seofan dagas & asende ut culfran; swa heo negecyrde ongean to him.
1008013,1,8,13,"ða geopenode Noe ðæs arces hrof, & beheold ut & geseahðætto dældontodældoneorðan bradnis wæs adruwod."
1008015,1,8,15,"God ða spræc to Noe, ðus cweðende."
1008016,1,8,16,"Gang ut of ðam arce, ðu & þin wif & ðine suna & heorawif."
1008017,1,8,17,"& eal ðæt ðær inne is mid ðe, læd ut mid ðe ofereorðan, & weaxe ge & beoð gemænifylde ofereorðan."
1008018,1,8,18,"Noe ða ut eode of ðam arce, & hi ealle ofer eorðan."
1008020,1,8,20,"& he arærde an weofod Gode, & genam of eallum ðam clænumnytenum & clænum fugelum, & geoffrodeGode lac on ðam weofode."
1008021,1,8,21,"God ða underfeng his lac & ðære winsumnysse bræð, &cwæð him to: Nelle ic nateshwon awyrgean ðaeorðan heononforð for mannum; andgyt & geþoht menniscreheortan syndon forðhealde to yfele framiugoðe; Eornostlice ne ofslea ic heononforð mid wætere ælcðingc cuces, swa swa ic dyde."
1008022,1,8,22,"Eallum dagum ðære eorðan, sæd & gerip, cyle & hæte,sumor & winter, dæg & niht ne geswicað."
1009001,1,9,1,"GOD bletsode ða Noe & his suna, & cwæð him to: Weaxað &beoð gemenifylde & afyllað ða eorðan."
1009002,1,9,2,& beo eower ege & oga ofer ealle nytenu & fugelas & oferealle ða ðingc ðe on eorðan styriað;Ealle sæfixas syndon eowrum handum betæhte.
1009003,1,9,3,"& eal ðæt ðe styrað & leofað beo eow to mete, swa swagrowende wyrta ic hi betæce ealle eow."
1009004,1,9,4,Butan ðam anum ðæt ge flæsc mid blode ne eton.
1009005,1,9,5,Eower blod ic ofgange æt eallum wildeorum & eac æt ðammen; of ðæs weres handa & his broðor handaic ofgange ðæs mannes lif.
1009006,1,9,6,"Swa hwa swa agyt ðæs mannes blod, his blod byð agoten;witodlice to Godes anlicnysse is se mangeworht."
1009007,1,9,7,Weaxe ge nu & beoð gemænifylde & gað ofer eorðan &gefyllað hi.
1009008,1,9,8,God cwæð eft to Noe & to his sunum.
1009009,1,9,9,Efne nu ic sette min wed to eow & to eowrum ofspringe.
1009010,1,9,10,& to eallum libbendum nytenum ðe of ðam arce eodon.
1009011,1,9,11,ðæt ic nateshwon nelle heononforð eal flæsc adydon midflodes wæterum; ne heononforð ne bið flodtosencende ða eorðan.
1009012,1,9,12,ðis bið ðæt tacn mines weddes ðæt ic do betwux me & eow& eallum libbendum nytenum on ecummægðum.
1009013,1,9,13,"ðæt is, ðæt ic sette minne renbogan on wolcnum, & he byðtacn mines weddes betwux me & ðæreeorðan."
1009014,1,9,14,"þonne ic oferteo heofonan mid wolcnum, ðonne æteowað minboga on ðam wolcnum."
1009015,1,9,15,"& ic beo gemyndig mines weddes wið eow, ðæt heononforðne byð flod to adylgienne eall flæsc."
1009016,1,9,16,"Bið ðonne se min renboga on ðam wolcnum & ic hine geseo &beo gemyndig ðæs ecean weddes, ðe gesetis betwux Gode & eallum libbendum flæsce, ðe ofer eorðanis."
1009017,1,9,17,ðis byð ðæt tacn mines weddes ðæt ic gesette betwux me& eallum flæsce ofer eorðan.
1009018,1,9,18,Wæron ða Noes suna ðe of ðam arce eodan: Sem & Cham &Iaphet; & Cham witodlice is fæder ðæreChananeiscre ðeode.
1009019,1,9,19,& of ðisum ðrym Noes sunum is tosawen eall mancyn ofereorðan.
1009020,1,9,20,Noe ðato dældontodældonbegan to wyrcenne ðæt land & gesettehim wingeard.
1009021,1,9,21,"& ða ða he dranc of ðam wine, ða wearð he druncen & lægon his getelde unbehelod."
1009022,1,9,22,"His sunu ða, Cham, geseah his gesceapu unbeheled, & cyddehit his twam gebroðrum ut on felda."
1009023,1,9,23,"Hwæt, ða Sem & Iapheth dydon anne hwitel on heorasculdrum, & eodon underbæc & beheledon heorafæderes gecynd, swa ðæt hi ne gesawon his næcednysse."
1009024,1,9,24,"Noe soðlice ða ða he awoc of ðam slæpe, & he ofaxodehwæt his suna him dydon."
1009025,1,9,25,"ða cwæð he: Awyrged is Chanaan, & he byð ðeowena ðeowahis gebroðrum."
1009026,1,9,26,"& he cwæð: Gebletsod is Drihten, Semes God; beo Chanaanhis ðeowa."
1009027,1,9,27,"Gemænifylde God Iapheð, & he wunie on Semes geteldum, &beo Chanaan his ðeowa."
1009028,1,9,28,Noe ða leofode ðreohund geara & fiftig geara æfter ðamflode.
1012000,1,12,0,"HER swutelað þæs ælmihtigan Godes mildheortnyss & hyswundra, hu he Abraham geceas & hysbletsunga him sealde & hys ofspringe."
1012001,1,12,1,"God cwæð þa to Abrame: Far of þinum lande & of ðinremægðe & of ðines fæder huse, & cum to þamlande þe ic ðe geswutelige."
1012002,1,12,2,"& ic macige ðe mycelre mægðe & þe gebletsige & ðinnenaman ic gemærsige, & ðu byst gebletsod."
1012003,1,12,3,"Ic gebletsige ða þe ðe bletsiað, & ic awyrige ða þeðe wyriað, & on þe beoð gebletsode ealreeorðan mægða."
1012004,1,12,4,"Abram ða ferde of Aran, swa swa God him bead, & Loth ferdemid him."
1012005,1,12,5,"Mid ealre fare & mid eallum æhtum, oð þæt hi comon toþam lande Chanaan."
1012006,1,12,6,"& Abram sceawode ðæt land, & ða gemæru: Chananeus wæsþa on lande."
1012007,1,12,7,"God þa geswutelode hyne sylfne Abrame, & cwæð him to:þinum ofspringe ic forgyfe ðis land; Hwæt,þa Abram arærde ðær an weofod Gode, þe him æteowde."
1012008,1,12,8,"& ferde syððan to þam munte be eastan Bethel, be westanHai, & þær gesloh hys geteld & arærde þæran weofod Gode, & hys naman ðær clypode."
1012009,1,12,9,þanon he ferde eft to ðam suðdæle þæs landes.
1012010,1,12,10,"& hyt wearð þa mycel hungorgear on þam lande; Abram ðaferde to Egypta lande, wolde þær onælþeodinysse anbidian, for ðan ðe se hunger ðearleswyðrode."
1012011,1,12,11,"Mid ðam ðe hi wæron gehende Egypta lande, þa cwæðAbram to hys wife: Ic wat ðæt þu eart wlitig onhiwe."
1012012,1,12,12,"& þonne ða Egyptiscean ðe geseoð, þonne cweðaþ hiðæt þu min wif sy, & hi ofsleað me & ðehealdað."
1012013,1,12,13,"Sege nu, ic ðe bidde, þæt ðu min swuster sy, þæt me welsy for ðe, & min sawel lybbe for þinumintingan."
1012014,1,12,14,"Hi comon ða to Egypta lande, & ða Egyptiscean gesawon ðætþæt wif wæs swyðe wlitig."
1012015,1,12,15,"& ðæs cyninges ealdormen spæcon be hyre wlite to þamcyninge Farao, & heredon hi beforan him; þætwif wearð þa gelæht & gelædd to þam cyninge."
1012016,1,12,16,"& Abram underfeng fela sceatta for hyre: he hæfde ða onorfe & on ðeowum, on oluendum & on assummycele æhta."
1012017,1,12,17,"God soðlice beswang Farao þone cyning mid þam mæstumwitum & ealne hys hired for Sarai, Abrameswife."
1012018,1,12,18,"Farao ða het clypian Abram, & cwæð him to: Hwæt la, hwidydest ðu swa wið me; hwi noldest ðusecgan þæt heo þin wif ys."
1012019,1,12,19,For hwylcon intingan sædest ðu þæt heo ðin swustorwære; efne nu her ys ðin wif: nim hig and farðe aweg.
1012020,1,12,20,"Abram þa ferde of Egypta lande mid ealre hys fare, & Faraose cyning him funde ladmen."
1013001,1,13,1,"& LOTH ferde forð mid him, oð ðæt hi comon to suðdæle"
1013003,1,13,3,betwux Bethel & Hai.
1013004,1,13,4,"To ðære stowe þe he ðæt weofod ær arærde, & gebædhyne ðær to Gode."
1013005,1,13,5,& Loth samod mid him.Abram soðlice wæs swyðe welig on golde & on seolfre & onorfe & on geteldum.
1013006,1,13,6,"Swa þæt þæt land ne mihte aberan þæt hi begen, he &Loth, ætgædere wunedon: heora æhta wæronmenigfealde & ne mihton wunian ætgædere."
1013007,1,13,7,Wearð eac ðurh þone intingan sacu betwux Abrameshyrdemannum & Lothes; On ðære tide wunedonChananeus & Ferezeus on ðam lande.
1013008,1,13,8,"Abram þa cwæð to Lothe: Ic bidde þæt nan sacu ne sybetwux me & ðe, ne betwux minum hyrdum &ðinum hyrdum; wyt synd gebroðru."
1013009,1,13,9,"Efne nu eall seo eorðe lið ætforan ðe: ic bidde, far framme: gyf ðu færst to þære wynstranhealfe, ic healde þa swyðran healfe;gyf þu ðonne þa swyðran healfe gecyst,ic fare to þære wynstran healfe."
1013010,1,13,10,"Loth ða beheold geond eall, & geseah þæt eall se eard wiðða ea Iordanen wæs myrge mid wæteregemenged, swa swa Godes neorxnawang, & swa swa Egypta landbecumendum to Segor, ær þan þe Godtowende ða burga Sodomam & Gomorran."
1013011,1,13,11,"Loth ða geceas him þone eard wið Iordanen & ferde frameastdæle, & hi wurdon totwæmede heoraægðer fram hys breðer."
1013012,1,13,12,"Abram eardode ða on þam lande Chanaan: Loth soðlicewunode on þam fæstenum ðe wæron embeIordanen, & he eardode on þære byrig Sodoma."
1013013,1,13,13,þa Sodomitiscan men wæron forcuðostan & swyðe synfulleætforan Gode.
1013014,1,13,14,"God cwæð ða to Abrame, æfter ðan þe Loth wæs totwæmedhim fram: Ahefe upp þine eagan & behealdfram ðære stowe þe ðu on stenst to norðdæle & tosuðdæle & to eastdæle & to westdæle."
1013015,1,13,15,"Eal ðis land þe ðu gesyxt, ic forgyfe ðe & þinumofsprincge on ecnysse."
1013016,1,13,16,"& ic do þinne ofsprincg swa menigfealdne swa swa ðæreeorðan dust: gyf ænig man mæg geriman ðæreeorðan dust, þonne mæg he eac swylce geriman þinneofspring."
1013017,1,13,17,"Aris nu & far geond þis land on lencge & bræde, for ðanðe ic hyt þe forgyfe."
1013018,1,13,18,"Abram þa eornostlice astyrode hys geteld, & com & eardodewið þone dene Mambre, þæt ðe ys onEbron, & þær arærde weofod Gode."
1014001,1,14,1,HYT gelamp ða on þære tide þæt ða cyningas wunnon himbetwynan.
1014002,1,14,2,"iiii ciningas wið v cyningas, oð ðæt hi comon togefeohte."
1014010,1,14,10,"þa feollon ða cyningas on ðam gefeohte ofslagene, ofSodomam & Gomorran, þæra manfulra ðeoda, &heora geferan flugon afyrhte to muntum."
1014011,1,14,11,þa namon þa sigefæstan cyningas sona on þam burgumSodoma & Gomorra ða god þe hi ðær fundon.
1014012,1,14,12,"& eac læddon aweg Loth mid hys æhtum, Abrames broðorsunu, ðe on þam burgum eardode."
1014013,1,14,13,"ða ætbærst him sum man, & se hyt sæde Abrame, hu man hysbroðor sunu on bendum aweg lædde."
1014014,1,14,14,"Abram ða genam ardlice ðreohund manna & eahtatyne men ofhys inbyrdlingum, & efste wið ðæs heres,oð ðæt he hi ofrad."
1014015,1,14,15,"Todælde ða hys geferan færlice on þære nihte, & him onberæsde & on eornost hi sloh & afligde ðalafe, oð ðæt hi comon to Fenicen."
1014016,1,14,16,"He lædde þa ongean Loth, hys broðor sunu, mid eallum hysæhtum, & ðæt oðer folc samod, mid wifum& æhtum, gewunnenum sige."
1014017,1,14,17,þa eode Sodomitiscra cyning sona him togeanes.
1014021,1,14,21,"& bæd þæt he hæfde eall þæt he of ðam here genam,buton þam mannum anum."
1014022,1,14,22,"& Abram him cwæð to: Ic ahebbe mine hand to ðam healicanGode. se ðe ys agnigend eorðan & heofonan,"
1014023,1,14,23,"þæt ic ne underfo furðon ænne ðwang of eallum þisumðingum ðe þine ær wæron, ðæt þu ne secge eft: Icgewelgode Abram."
1014024,1,14,24,"Buton ðam anum ðingon, ðe mine geferan æton, & þæramanna dæl þe me mid comon, Anær, & Escol, &Mambre; nymon þas heora dæl."
1014018,1,14,18,"þær com eac Melchisedech, se mæra Godes man, se wæscyning & Godes sacerd; & he brohte hlaf &win."
1014019,1,14,19,"& bletsode Abram, & cwæð: Gebletsod ys Abram ðam healicanGode, se ðe gesceop heofenan & eorðan."
1022001,1,22,1,"GOD wolde þa fandian Abrahames gehyrsumnysse, & clypode hysnaman."
1022002,1,22,2,"& cwæð him ðus to: Nym ðinne ancennedan sunu Isaac, þeðu lufast, & far to þam lande Visionishraðe, & geofra hyne þær uppan anre dune."
1022003,1,22,3,"Abraham ða aras on þære ylcan nihte & ferde mid twamcnapum to þam fyrlenum lande, & Isaac samod,on assum ridende."
1022004,1,22,4,"þa on ðone ðriddan dæg, þa hi ða dune gesawon, ðærðær hi to sceoldon to ofsleane Isaac."
1022005,1,22,5,"ða cwæð Abraham to þam cnapum ðus: Anbidiað eow hermid þam assum sume hwile: ic & þæt cild gaðunc to gebiddenne, & we syððan cumað sona eft to eow."
1022006,1,22,6,"Abraham þa het Isaac beran þone wudu to þære stowe, & hesylf bær hys swurd & fyr."
1022007,1,22,7,"Isaac ða axode Abraham hys fæder: Fæder min, ic axigehwær seo offrung sy; her ys wuda & fyr."
1022008,1,22,8,"Him andwyrde se fæder: God foresceawað, min sunu, him sylfða offrunge."
1022009,1,22,9,"Hi comon þa to ðære stowe þe him geswutelode God, & heðær weofod arærde on ða ealdan wisan, &þone wudu gelogode, swa swa he hyt wolde habban to hys sunabærnette syððan he ofslagen wurde; Hegeband þa hys sunu."
1022010,1,22,10,& hys swurd ateah þæt he hyne geoffrode on þa ealdanwisan.
1022011,1,22,11,"Mid ðam ðe he wolde þæt weorc begynnan, ða clypode Godesengel ardlice of heofonum, Abraham; Heandwyrde sona."
1022012,1,22,12,"Se engel him cwæð to: Ne acwel ðu þæt cild, ne þinehand ne astrece ofer hys swuran: nu iconcneow soðlice, þæt ðu swyðe ondrætst God, nu þu þinneancennedan sunu ofslean woldest for him."
1022013,1,22,13,"ða beseah Abraham sona underbæc, & geseah ðær ænne rambetwux þam bremelum be ðam hornum gehæft,& he ahefde ðone ram to ðære offrunge & hyne þær ofsnaðGode to lace for hys sunu Isaac."
1022014,1,22,14,"He het þa þa stoweto dældontodældon, þæt ys God gesyhð,& gyt ys gesæd swa:to dældontodældon, þæt ys God gesyhð on dune."
1022015,1,22,15,"Eft clypode se engel Abraham, & cwæð."
1022016,1,22,16,"Ic swerige ðurh me sylfne, sæde se ælmihtiga, nu ðunoldest arian þinum ancennedan suna, ac ðewæs min ege mare þonne hys lif."
1022017,1,22,17,Ic ðe nu bletsige & ðinne ofspringe gemenigfylde swa swasteorran on heofonum & swa swasandceosel on sæ; þin ofsprincg sceal agan heora feonda gatu.
1022018,1,22,18,"& on þinum sæde beoð ealle ðeoda gebletsode, for þan ðeþu gehyrsumodest minre hæse ðus."
4013001,4,13,1,"æFTER ðam ðe Moyses, se mæra heretoga, mid Israhelafolce, swa swa him God bebead, ofer ða ReadanSæ ferde, & Farao adrenced wæs, & syððan se ælmihtigaGod him æ geset hæfde, ða ða seo fyrd comto Pharan ðam westene, ða cwæð se heofonlica God to ðamhalgan Moyse:"
4013003,4,13,3,"Ceos ðe nu men þæt magon sceawian ðone eard Chanaan landes,ðe ic Israhela folce forgyfan wille to heora gewealde, & asendtwelf heafodmen of ðam twelf mægðum."
4013004,4,13,4,"ða dyde Moyses swa God him bebead, & sende of ðam westene,ðe is genemned Pharan, twelfsceaweras,"
4013005,4,13,5,"þe heora naman her synd awritene: Of Ruben, SemmuaSechores sunu; of Simeon, Saphath Vriessunu; of Iudas, Chaleb Ieppones sunu; of Efraim, Osee Nunessunu; of Isachar, Igal Iosepessunu; of Beniamin, Psalthi Raphues sunu; of Zabulon, IedidelSodiys sunu; of Ioseph, GaddiSusius sunu; of Dan, Amihel Iemallies sunu; of Aser, SturMichaheles sunu; of Neptalim, NaabdiVaphsies sunu; of Gad, Guel Mathies sunu."
4013017,4,13,17,"ðis synd ðara manna naman, ðe Moyses sende to sceawigenneChanaan land."
4013018,4,13,18,"& ðus cwæð: Farað geond ðone suðdæl,"
4013019,4,13,19,"& sceawiað ðæt land, hwæðer hit wæstmbære sy &mid wudum gemencged,& ða burga gebette oððe butan weallum, &hwæðer ðæt landfolc sy to gefeohte stranglicoððe untrumlic, feawa on getele hwæðer ðe fela."
4013021,4,13,21,"& feriað mid eow of ðære eorðan wæstmum, ðonne ge eftcumað; Hit wæs ða se tima ðe winberianripodon."
4013022,4,13,22,"& hi ferdon ða sona & sceawodon þone eard,"
4013026,4,13,26,& geond feowertig daga embferdon ðone eard.
4013024,4,13,24,& of ðam winbogum mid berium mid ealle & æpplum & ofætumeft mid him brohton.
4013027,4,13,27,"& comon to Moyse, þær he mid ðære fyrde wæs, on Pharanðam westene."
4013028,4,13,28,"& ðas word him to cwædon: We comon to ðam earde þe ge usheton faran, þe flewð witodlice meolce &hunie, swa swa ge of ðisum wæstmum wel oncnawon magon."
4013029,4,13,29,Ac þa strengstan weras wuniað on ðam lande & micele burgaðær synd & mærlice geweallode: ðær wegesawon Enachus cynryn.
4013030,4,13,30,"Amalech eac swylce eardað on ðam suðdæle, Etheus on ðammuntlandum, & Iebuseus & Amorreus,Chananeus wið ða sæ & ymb ða ea Iordan."
4013031,4,13,31,"Hwæt ða Israhela bearn endemes hrymdon ongean Moysenmiclum ceorodon; ac Caleph hi gestilde, &cwæð mid gebylde: Vton faran to þam earde, & geagnian usðæt land, for ðan ðe we magon mid mihtehit begytan."
4013032,4,13,32,"ða oðre soðlice cwædon, þe mid him asende wæron: Nemage we faran nateshwon to ðam folce þus, forðan þe hi synd strengran þonne we."
4013034,4,13,34,"& we ðær gesawon of ðam entcynne Enachys bearna micelrawæstma, ðam we ne synd ðe gelicran ðelytle gærstapan."
4013033,4,13,33,& hi tældon ðæt land mid heora teonwordum.
4014001,4,14,1,"HWæT ða, eal seo mæniu endemes weop sona, & miclumceorodon ongean Moysen, & cwædon:"
4014003,4,14,3,"We wisceað ðæt we on Egypta lande wæron ær deade& na on ðisum westene, & we wisceað swyðor þæt weforwurðon her & us Drihten ne læde in to ðam lande,þæt we ðær licgon ofslagene & ure wif & cyld wurðongehergode; Nis us, la, betere þæt we bugon ongean to Egyptalande?"
4014004,4,14,4,& ælc cwæð to oðrum: Vton us gesettan efne nu heretogan &uton gecyrran to Egypta lande.
4014005,4,14,5,Moyses ða & Aaron miclum wurdon astyrode & feollon astrehteætforan ðære mæniu.
4014006,4,14,6,Caleph ða & Iosue cwædon to ðam folce:
4014007,4,14,7,þæt land ðe we sceawodon is swyðe ðearle god.
4014008,4,14,8,"Gyf Drihten us arfæst bið, he us in gelæt to ðam, & sylðus ða moldan þe meolce & hunie flewð."
4014009,4,14,9,"Ne beo ge wiðerræde wið eowerne Drihten, ne ge neondrædon eow; Drihten is mid us."
4014010,4,14,10,"ða hrymde eal seo mæniu & mid stanum woldon hi oftorfian;ac Godes wuldor wearð sona wundorliceæteowod ofer ðæt Godes scrin, þær hi on locodon."
4014011,4,14,11,"& God cwæð to Moyse: Hu lange tælð þis folc me, & hulange ne gelyfað hi me on eallum ðam tacnumþe ic ætforan him dyde?"
4014012,4,14,12,"Ic ofslea hi mid cwylde & hi fordo mid cwealme, & ic ðegesette syððan to heretogan ofer miceleðeode strengran þonne ðeos."
4014013,4,14,13,"Moyses ða clypode, & ðus cwæð to Drihtne: Gyf ðaEgyptiscean gehyrað, & ða ðe her eardiaðabutan, þæt ðu þas mæniu ofslihst swa swa anne mannan,þonne secgað hi sona þæt ðu ofsloge hi for ði,þæt ðu ne mihtæst hi gelædan to ðam lande ðe ðu himbehete."
4014017,4,14,17,"Ac sy þin strengð gemærsod, swa swa ðu swore."
4014019,4,14,19,"Drihten, ic ðe bidde ðæt ðu forgyfe þises folces synnaæfter micelnisse þinre mildheortnysse."
4014020,4,14,20,Drihten cwæð to Moyse: Ic hit forgyfe æfter ðinum worde.
4014022,4,14,22,"Swa ðeah soðlice ealle þa ðe gesawon mine mægnðrymnysse& ða miclan tacna, ðe ic worhte on Egyptalande & on þisum westene, & costnodon me nu tyn siðon &mine stemne ne gehyrsumodon, ne geseoðhi ðæt land, þe ic foreswor heora fæderum, ne nan þæraðe me tælde ne gesihð ðæt land."
4014030,4,14,30,Caleph & Iosue cumað to þam lande.
4014031,4,14,31,Eowre bearn ic læde to þam lande soðlice.
4014032,4,14,32,& eowre lic sceolan licgan on þisum westene.
4014033,4,14,33,"Eowre bearn beoð worigende on þisum westene feowertigwintra & eower forligr berað, oð ðæt heorafædera hreaw beon fornumene."
4014034,4,14,34,"æfter ðæra feowertigra daga getæle, þe ge ðæt landbesceawodon, ger bið for dæge geteald, & onfeowertigum gearum ge underfoð eowre unrihtwisnyssa, þæt gewiton mine wrace."
4014036,4,14,36,"ða wurdon sona ofslagene on Godes gesihðe ða tynsceaweras, þe sceawodon ðæt land, & deade nyðerfeollon, for ðan ðe hi þæt folc mistihton & þæt landtæl."
4014038,4,14,38,"& ða twegen leofodan, Iosue & Caleph, & hi comon to þamlande."
4014039,4,14,39,"ða weop þæt folc sare,& sona on ærne merien astigongewæpnode up to ðære dune, & cwædon: Wesynd gearwe nu to gewinnenne þæt land be ðam ðe Drihtenspræc, for ðan þe we syngodon."
4014041,4,14,41,ða cwæð Moyses to andsware: Hwi ofergæge ge Godes word;Hit ne becymð eow na to nanre spede.
4014042,4,14,42,"Ne fare ge, ic bidde, for ðan þe God nis mid eow, þæt gene feallon ætforan eowrum feondum."
4014044,4,14,44,Hi swa ðeah ablende beotlice astygon to ðæs muntescnæppe.
4016001,4,16,1,"& æFTER ðam færlice arison feower weras, Chore & Hon,Dathan & Abiron, ongean Moysen miclumastyrode, & ðridde healf hund manna of ðam yldstum mannum;"
4016003,4,16,3,& cwædon to Moyse & to Aarone þam sacerde: Eall ðeosmæniu soðlice syndon haligra bearn & God wunað on him:Hwi synd ge ahafene ofer Drihtnes folc?
4016004,4,16,4,& Moyses feoll astreht sona to eorðan.
4016005,4,16,5,& to ðam folce cwæð: To mergen geswutelað God hwilce hegecyst to him.
4016006,4,16,6,"Nime eower ælc his storcyllan & stere ætforan Gode; &þone þe he gecyst, beo se halig."
4016018,4,16,18,"Hi dydon swa on mergen mid miclum gedwylde & brohton heorastorcyllan, standende æt ðam getelde."
4016027,4,16,27,Ac Dathan & Abiron stodon on heora geteldum.
4016012,4,16,12,& cwædon to Moyse mid miclum graman:
4016013,4,16,13,"Is ðe, la, lytel geðuht þæt ðu alæddest us of ðamlande þe weol meolce & hunige, þæt ðu us ofsloge onþisum westene, butan þu eac ure gewealde?"
4016014,4,16,14,"Witodlice þu gelæddest us in to ðam lande þe eall flewðon riðum meolce &to dældontodældon& sealdest usland & æhta & wingeardas ðær; oððe wilt ðu, la, utapytan ure eagan?"
4016019,4,16,19,ða æteowde Godes wuldor.
4016020,4,16,20,& God cwæð to Moyse:
4016021,4,16,21,"Asyndriað eow fram ðisre scyldigan gegaderunge, þæt ic hifærlice fordon mæge."
4016031,4,16,31,"Hwæt ða færlice geopenode seo eorðe hi sylfe & forswealhða weras mid wifum & cildum, Dathan &Abiron, mid heora geteldum & eallum æhtum,"
4016033,4,16,33,þæt hi in to helle cuce siðodon mid sande ofhrorene.
4016034,4,16,34,& þæt folc fleah afyrht for heora hreame.
4016035,4,16,35,"Eac swylce færlice fyr com fram Gode & ofsloh ða oþre þeoffrodon ðone stor, ðridde healf hundmanna, þær hi heoldon þa recelsfata."
4016041,4,16,41,"Eft on ðam oðrum dæge eall seo mæniu ceorode ongeanMoysen & Aaron, cweðende: Ge ofslogon Godesfolc."
4016042,4,16,42,& seo sacu ða aras.
4016043,4,16,43,"& Moyses & Aaron efston mid fleame to Godes getelde, & þaða hi in agan wæron, ða ætywde Godeswuldor."
4016044,4,16,44,& God cwæð to Moyse:
4016045,4,16,45,Gewitað aweg fram ðisre mæniu; nu ic hi adylgie.
4016046,4,16,46,"& Moyses cwæð to Aarone: Nim ðin recelsfæt & efst to ðamfolce & for hi gebide, for ðan ðe Godesyrre is ofer hi & his wite reðegað."
4016047,4,16,47,"Aaron ða ardlice arn to ðam folce & sterde mid thimiamastandende betwynan ðam cucuan & ðamdeadum, & bæd for ðæt folc; ðæt wite ða geswac."
4016049,4,16,49,& þær wæron ofslagene feowertyne ðusenda of ðæs folcesmæniu & seofonhund mannato dældontodældonðam ðe ðærofslagene wæron on Choresto dældontodældon.
4016050,4,16,50,Aaron eode ða eft to Moyse to Drihtnes getelde.
4017001,4,17,1,& Drihten cwæð to Moyse:
4017002,4,17,2,"Nim nu twelf gyrda æt ðam twelf mægðum fram þæremægða ealdrum, & heora ælces naman awrit on his gyrde& Aarones nama beo on Leuies mægðe, & lege ða gyrda onðam getelde þær ic ðe to sprece."
4017005,4,17,5,"& þone þe ic geceose, þonne sprytt his gyrd, & ic gestillefram me Ysrahela ceorunge."
4017007,4,17,7,Moyses ða dyde swa swa Drihten him bebead.
4017008,4,17,8,"& eode on ærne merien in to ðam getelde, & efne ða wæsgrowende Aarones gyrd on blostmum & onleafum on hnutbeames wisan."
4017009,4,17,9,"He bær ða ða gyrda to Ysrahela bearnum, & hi gesawon hwætþær geswutelod wæs; ælc nam þa hisgyrde."
4017010,4,17,10,"& God cwæð eft to Moyse: Ber Aarones gyrde in to ðamgetelde, ðæt heo sy gehealden Israhele totacne & heora ceorung geswice, þæt hi ne swelton."
4018001,4,18,1,"GOD geceas Aaron him to sacerde & of his ofsprincge to hisoffrunge symle & of Leuies mægðemanega to Leuita Aarone to fylste to ðam ælicumonsægednyssum, & God sylf him sealde ða gesetnyssa."
4020001,4,20,1,"æFTER þisum comon Israhela bearn to ðam westene Sin, &ðær sweolt Maria, Aarones swustor, & isðær bebyrged."
4020002,4,20,2,ða næs ðær nan wæter on þam westene þam folce.
4020003,4,20,3,& hi ða ciddon swiðe wið Moysen.
4020006,4,20,6,He clypode ða to Gode.
4020007,4,20,7,& God cwæð to him:
4020008,4,20,8,Gang ðu & Aaron & gegaderiað þis folc geond to ðam stane;& se stan eow sylþ wæter.
4020010,4,20,10,Hi comon ða to ðam flinte.
4020011,4,20,11,"& he ætforan him eallon sloh mid ðære gyrde tua þoneflint, & þær fleow sona of ðam flinte wæterswa genihtsumlice, þæt heora nytena druncon & eall Israhelafolc of ðære anre riðe."
4020014,4,20,14,ða sende Moyses ærendracan to Edom þam cynincge;
4020017,4,20,17,Bæd þæt he moste faran forð ofer his land berihtum wege & ne reppan his nan þingc.
4020018,4,20,18,"Edom ða andwyrde þam ærendracum, & cwæð: Ne fare geðurh me."
4020020,4,20,20,"& he ferde ða sona mid eallon his folce to gefeohte gearu:& forwyrnde Israhele þæt oferfæreldþurh his land; Hi gewendon þa aweg, & gewicodon wið ðonemunt, þe is Or gehaten."
4020028,4,20,28,"þær Aaron forðferde & Eleazarus, his sunu, wæs sacerd forhine."
4020030,4,20,30,& hi ealle beweopon Aarones forðsið geond xxx dagageomriende swyðe.
4021001,4,21,1,"CHANANEUS þa wann wið Israhela bearn, & sige on himgewann."
4021002,4,21,2,Ac hi wendon to Gode mid ealre heortan.
4021003,4,21,3,"& hi gehyrde God, & him sige forgeaf, þæt hi ofslogon þonecyningc & his folc samod mid swurdesecge & heora burga towendon."
4021004,4,21,4,"& gewendon him ham ðanon ofer langne weg, þæt hi þætland embferdon; þæt folc wearð ða aðryt &ðearle geswenct mid ðam siðfæte."
4021005,4,21,5,"& ceorodon ongean Godd & ongean Moysen miclum, & cwædon:Hwi læddest ðu, la, us of Egypta lande,þæt we swulton on þisum westene; We nabbað naðor ne hlafne wæter, & us wlataþ nu for ðisumleohtostan mete."
4021006,4,21,6,"For ðam ðingon þa sona sende God him to fyrene næddran, &hi ðæt folc totæron & manega adyddon."
4021007,4,21,7,"& hi to Moyse cwædon: We syngodon swyðe, for ðan ðe weswa spæcon ongean God & ðe; ac gebide forus, þæt he afyrsige fram us ða fyrene næddran; Moyses ðagebæd for ðæt folc."
4021008,4,21,8,"& God cwæð to him: Wyrc ane ærene næddran & sete upp totacne, & se ðe tosliten beo, beseo upp toðære næddran, & he leofoð sona swa he besyhð on hi."
4021009,4,21,9,"Moyses ða worhte ða ærenan næddran, & sette to tacne; &þa ðe toslitene wæron beheoldon to ðærenæddran & wurdon gehælede."
4021010,4,21,10,Hi ferdon ða ðanon mid heora fyrdwicum.
4021021,4,21,21,"& Moyses sende ða to Seon, ðam cyninge Amoreiscre ðeode,ðisum wordum, & cwæð:"
4021022,4,21,22,"Ic bidde ðæt ðu me lyfe ofer ðin land to farene; Nereppe we ðine æceras oððe wineardas, eowwer wæterpyttas;ac swa swa se weg lið we farað, gyf we moton, forð oferðin land."
4021023,4,21,23,"ða nolde Seon, se cyningc, nateshwon him tiðian þætIsrahel ferde forð ofer his gemæru, acgegaderode his folc & ferde him togenes & feaht swyðe ongean,oð ðæt he feol ofslagen, & his folcsamod, mid swurdes ecge."
4021025,4,21,25,"Hi geeodon ða his land & ealle his burga, & Israhel wunodeþa on þam widgillan lande."
4021032,4,21,32,Moyses ða sende & het sceawian Azer; þære wic hi geeodon& ahton þone eard.
4021033,4,21,33,"Hi gewendon ða ðanon & woldon to Basan, ac Og, se cyning,com him togeanes mid eallum his folceto gefeohte gearu."
4021034,4,21,34,Drihten cwæð to Moyse: Ne ondræd ðu hine; ic hine sealdeto þinum gewealde & eall his folc &land.
4021035,4,21,35,"& hi fuhton ða swyðe, & Israhel ofsloh Og þone cyningc, &his suna, & his folc eall to forwyrde,& geahton his land & ealle his burga."
4022001,4,22,1,MOYSES ða ferde to Moab mid ðam folce.
4022002,4,22,2,"& se cyningc Balac cwæð to his leode: Swa adylegað þisfolc mid heora fyrdcræfte ealle ða ðeeardiað on urum gemærum, swa swa oxa gewunaþ to awestennegærs oð ða wyrtrumanto dældontodældonmidtoðum."
4022005,4,22,5,"He sende þa his bodan to Balaam ðam witegan, Beores suna& bæd ðæt he come to wyrigenne þæt folcþe fundode wið his, & cwæð: Ic wat þæt se biðgebletsod, ðe ðu gebletsast, & se bið awyrgedþeðu wyrigst."
4022007,4,22,7,ða bodan ða comon to Balaan mid sceattum.
4022018,4,22,18,"Balaam andwyrde þam ærendracum & cwæð: ðeah Balaac mesylle goldes & seolfres an hus full, ic nemæg awendan Godes word."
4022019,4,22,19,Ac beoð her to niht & bidað andsware.
4022020,4,22,20,"ða com God on niht to Balaam, & cwæð: Nu ðas men þefeccað; far mid him, swa ðæt ðu do þæt ic ðebebeode."
4022021,4,22,21,Balaam ða ferde forð mid ðam bodum on assan ridende.
4022022,4,22,22,"& efne Godes encgel forstod þone weg ðær he wolde ridanmid atogenum sweorde, swilce he hineslean wolde."
4022023,4,22,23,"Se assa geseah ðone encgel standende, & Balaam ne geseah;þa forbeah se assa þæs engles swurd, &eode of ðam wege; Hwæt þa Balaam beot þone assan, woldeðæt he eode innon þone weg."
4022025,4,22,25,"ða fleah se assa gyt forht for þam encgle, & ðyde hishlafordes fot ðearle to ðam hege; Balaam þagyt beot þone assan."
4022026,4,22,26,"& se encgel eode in to anum nyrwette, þe he ne mihteforbugan on naðre healfe, for ðan þe þær nanbige næs."
4022027,4,22,27,"ða feol se assa adune afyrht for ðam engle, & Balaam wearðyrre & beot hine gyt swyðor."
4022028,4,22,28,"ða geopenode Drihten þæs assan muð, & he cwæð: Hwibeatst ðu me swa swyðe?"
4022029,4,22,29,"& Balaam andwyrde: For ðam ðe ðu me beswice, & ic ðeofslean wolde, gyf ic swurd hæfde."
4022030,4,22,30,ða sæde se assa: Ne eom ic na þin assa þe ðu on ridstsymble; Sege hwænne ic æfre ær þyllic ðegebude.
4022031,4,22,31,"God þa geopenode Balaames eagon, þæt he geseah þone engelþe se assa forbeah, mid nacodum swurde,& he hnah to eorðan, & aleat wið ðæs engles."
4022032,4,22,32,& se encgel cwæþ: Hwi beote ðu þinne assan efne nuþrywa?
4022033,4,22,33,"Ic þe ofsloge sona & se assa ne leofode, gyf he ne forbugeme."
4022034,4,22,34,"& Balaam cwæð: Ic syngode nytende; nyste þæt ðu stodeongean me, & gyf ðe min færeld mislicað, icfare eft ongean."
4022035,4,22,35,"Se encgel cwæð to him: Farr mid þisum mannum, & warnaþæt ðu nan þinc elles ne sprece buton þætic þe bebeode; & Balaam þa rad forð."
4022036,4,22,36,"Se cyning ða, Balac, com him togeanes."
4023001,4,23,1,& HE arærde sona seofon weofoda; & þær lac geoffrode onða ealdan wisan.
4023008,4,23,8,"& cwæð to Balac: Hu mæg ic awyrian þone ðe God bletsode;& he witegode ða, swa him wissode God, &bletsode Israhel."
4023011,4,23,11,"& Balac cwæð to him: Ic ðe fette for ði, þæt ðu minefynd wyrigdest, & þu hi bletsast."
4023012,4,23,12,"Balaam cwæð ða: Cwyst ðu, mæg ic oþer sprecan butonðæt Drihten het?"
4023013,4,23,13,ða cwæð Balac him to: Cum to oðre stowe mid me.
4023014,4,23,14,"& he eft arærde oðre seofan weofoda, & bletsode Israhel."
4023025,4,23,25,"& Balac cwæð: Ne ðu hine wyrige, ne ðu hine bletsa."
4023026,4,23,26,"ða cwæð Balaam to Balaace ðus: Hu ne sæde ic ðe þætswa hwæt swa God me bebude, þæt ic ðæt dyde?"
4023027,4,23,27,"& Balac cwæð: Cum, ic ðe læde to oðre stowe, gyf Godeswa gelicie þæt ðu hi ðanon gewyrige."
4023028,4,23,28,"Hi eodon ða begen up to ðam munte; & he sona arærdeseofan weofoda, & lac geoffrode."
4024001,4,24,1,"& ISRAHEL bletsode, & þa ðingc witegode þe him gewissodeGod."
4024002,4,24,2,He mihte geseon Israhel of ðam munte þanon.
4024010,4,24,10,"ða yrsode Balac wið Balaam, & cwæð: Ic ðe het feccan,þæt ðu mine fynd wyrigdest, & þu nu ðrywahi bletsodest."
4024011,4,24,11,"Far ðe nu ham: ic hæfde gemynt ðe to arwurðienne onæhtum & on feo, ac God ðe benæmde ðæswurðmyntes."
4025001,4,25,1,"HIT stent on oðrum bocum, þæt Balaam swa ðeah tæhteþam cyningce hu he cuman mihte þæt he hibeswice; & he eac swa dyde; he beswac hi swa, þæt he settewifmen æt his hæðengylde gehende ðamfolce, þær hi on locodon; & hi eodon ða to manega of ðamfolce to ðam myltystrum & wið hi hæmdon; &to ðam hæðengylde bugon."
4025003,4,25,3,"God wearð ða yrre Israhela bearnum, & het Moyses ahon þaðe ðæt man dydon."
4025005,4,25,5,"Moyses þa het ða manfullan ofslean, ealle ða ðe bugon toBelphegor."
4025008,4,25,8,& þær wurdon ofslagene mid swurdes ecge feower & twentiðusenda of ðæs folces mæniu; & Godes yrregeswac & he him syððan mildsode.
4025016,4,25,16,"God bebead syþþan Moyse, & cwæð:"
4025017,4,25,17,"Wrec Israhela bearn on ðam Madianitiscum & ofsleaþ hi, forðam þe hi beswicon eow."
4031006,4,31,6,"MOYSES ða sende sona twelf ðusenda gewæpnodra manna, toðam wige caflice."
4031007,4,31,7,"& hi ða ferdon & ðæt folc ofslogon, & þone cyningcBalac & Balaam samod; & ðæt land aweston &ða wif heoldon; & comon to Moyse mid micelre huðe."
4031014,4,31,14,"Moyses ða yrsode; & axode hwi hi heoldon ða wifmen tolife, ðe hi forlærdon ær æt ðamhæðengylde."
4031017,4,31,17,& het hi ða acwellan ealle ða wif ðe weras hæfdon.
6002001,6,2,1,"IOSUE ða sona asende twegen sceaweras digellice of Sathin, &het sceawian ðæt land & ða buruhIericho, hu heo geworht wære; Hi ferdon ða & comon to anremyltistran huse heo wæs Raab gehaten &gereston hi ðær."
6002002,6,2,2,"ða wearð ðam cyninge gecydd ðæt ðær comon sceaweras ofIsrahela bearnum, ðæt hi ða burhsceawodon, & sende to Raab & het ða sceaweras agyfan."
6002004,6,2,4,"Ac heo hæfde hi behydd, ær hyre seo hæs to come, on hyreupflora, & geandwyrde ðus: Ic andytteðæt hi comon to me, ac ic ne cuðe heora fær, & hi urnon onæfnunge ut of ðissere byrig, mid ðam ðeða burhgata belocene wurdon; efstaþ nu ardlice & ge hiofridað."
6002007,6,2,7,Hi ða sona æfter ridon idelum færelde.
6002008,6,2,8,& ðæt wif ða spræc to ðam behyddum werum:
6002009,6,2,9,"Ic wat nu to soðan ðæt God eow sylð ðisne eard;witodlice eower ege is on us becumen, & ðis folc is geyrged &ormod ongean eow."
6002010,6,2,10,"We gehyrdon ðæt Drihten adrigde ða Readan Sæ, ða ða geferdon fram Egypta lande, & hu ge ofslogonsyððan twegen cyningas, Seon & Og,"
6002011,6,2,11,"& aswearc ure mod, & ure gast forhtode to eowrum infærelde;eower Drihten is soðlice soð God on heofonum & on eorðan,ðe ealle ðingc gewylt."
6002012,6,2,12,"Sweriað me nu ðurh Drihten ðæt ge don eft wið me swylcemildheortnysse swa ic macode wið eow, &syllað me sum tacn, ðæt ic sylf beo gehealden, & minfæder, & modor & mine gebroðra & ða ðe us tolociað, alysað fram deaðe."
6002014,6,2,14,"ða cnihtas hyre andwyrdon & mid aðe hyre beheton: ðonneure Drihten us forgyfð ðisne eard togewealde, we cyðað mildheortnysse on ðe."
6002015,6,2,15,"Witodlice hire hus wæs on ðam wealle fæst, & heo let hi utmid anum langan rape ðurh ðæs huseseahðirl ofer ðone weal."
6002016,6,2,16,"& cwæð: Farað eow nu wærlice & gewendað to muntum &lutiað ðær ðry dagas, ðe læs ðe eow gemeton,ða ðe eow æfter ridon, & efstað syððan aweg."
6002017,6,2,17,"Hi cwædon to ðam wife: We beoð unscyldige wið ðe,ðonne we to ðisum lande becumað, gyf ðu lætstðisne rap hangian on ðam ehðyrle, ðær ðu us ut alete, &gelangast to ðe ðine leofostan frynd,fæder & modor & ðine magas, in to ðe."
6002019,6,2,19,"& locehwa ut gange, licge he ofslagen, & se ðe on ðam husebeo, hæbbe frið mid ðe."
6002020,6,2,20,"& gyf ðu abarast ure spræce, we ne beoð forsworene."
6002021,6,2,21,ðæt wif him cwæð to: Eower cwyde stande.
6002022,6,2,22,"Hi efston ða aweg, swa ðæt wif hi lærde, & comon toIosue & cyddon him eal ðis."
6002024,6,2,24,"Hi sædon him: To soðan us sylð Drihten ðis land; eallesynd geyrgede, ðe eardiað on ðisum lande."
6003001,6,3,1,"IOSUE ða aras hraðe on ðære nihte, & astyrode his fyrdwicforð to Iordanen, & wicode ðreo nihtwið ða ea on anbidunge."
6003002,6,3,2,"& sende ða bydelas, & bead eallum ðam here: ðonne maneowres Godes earce styrað mid ðamgangendum bærmannum of Leuies cynne, & ge ne cunnon ðone weg,folgiað eow feorran ðære earce, & nan manne genealæce neah ðam arce."
6003005,6,3,5,& beoð gehalgode; betwux eow Drihten wyrcð wundra tomergen.
6003006,6,3,6,& he cwæð to ðam sacerdum: Nimað ðis Godes scrin & gaðætforan ðam folce: & ða sacerdas dydon swaswa Iosue hi het.
6003007,6,3,7,"& Drihten cwæð to Iosue: Nu to dæg ic ongynne ðe tomærsigenne ætforan Israhela bearnum, ðæt himagon witan ðæt ic wille mid ðe beon, swa swa ic mid Moysewæs."
6003008,6,3,8,"& ðu gewissa ða sacerdas, ða þe ðæt scrin berað, ðæthi gebidon on ðære ea."
6003009,6,3,9,"Iosue ða clypode, & cwæð to ðam folce:"
6003010,6,3,10,"Be ðam ge magon witan ðæt God wunað betwux eow, & ðahæðenan todræfð, ðe nu habbað ðisne eard on eowregesyhðe, for ðan Iordan, seo ea, ætstent on hyreryne; swa ðæt scrin in bið geboren, swa ofstynt se stream."
6003014,6,3,14,"ðæt folc ferde ða forð to ðære ea, & sona swa ðabærmen gesetton heora fotlæst on ðære ea ofre,swa ætstod se stream, & ongan to ðindenne ongean, swilcehit wære an heah dun, & se æftra streamarn ut to ðære sæ."
6003017,6,3,17,"Hwæt ða sacerdas ða ætstodon on ðam grunde on drigremoldan on middan ðære ea, & eal ðæt folcferde forð ofer ða ea be drium grunde."
6004001,6,4,1,& DRIHTEN cwæð to Iosue:
6004002,6,4,2,"Hat nu twelf weras of ðam twelf mægðum niman twelf stanason middan ðære ea ðær ða sacerdas stodon, & habban forðmid eow to eowre wicstowe & wurpan hi ðær."
6004004,6,4,4,"ða dide Iosue swa swa Drihten him bebead, & cwæð to ðamfolce:"
6004006,6,4,6,"Gyf eowre bearn eow befrinaðeft on uferum dagum, Hwæt doð ðas stanas her?"
6004007,6,4,7,"þonne secge ge to andsware, ðæt seo ea Iordane adruwode,mid ðam ðe ure fæderas ferdon ofer himid ðam halgan scrine, & hi beoð her to gemynde Israhelabearnum a on ecnysse."
6004008,6,4,8,"ða dydon ða twelf weras swa swa Drihten him bebead, &namon twelf stanas on ðæs streames ryne;hæfdon forð mid him to heora fyrdwicum."
6004009,6,4,9,"Iosue het eac ahebban oðre twelf stanas tomiddes ðamstreame, þær hi stodon mid ðam scrine, & hiðær ðurhwuniað oð ðisne andweardan dæg."
6004010,6,4,10,& ðæt folc ferde forð mid gebylde.
